case,mode,repeat,status,waveform_snr_db,sample_exact_at_integer_alignment,thdn_dbc,passband_max_error_db,passband_20khz_db,residual_19khz_dbc,residual_15_1khz_dbc,worst_channel_leakage_dbc,nonzero_samples,silence_rms_dbfs,calibration_gain_db,fractional_alignment_samples,captured_peak_dbfs,captured_rms_dbfs,captured_peak,captured_rms,clipped_samples,analysis_frames,asio_rate,delivered_frames,buffer_frames,output_latency_frames,underruns,overloads,loopback_discontinuities,timestamp_errors
music_44100,system,1,ok,55.07004184319145,False,,,,,,,,,7.691977990930854e-06,8.252283430098234e-05,-17.34231219895815,-30.348559069254755,0.13579519093036652,0.03037890015693358,0,528000,,,,,,,0,0
music_44100,r8brain,1,ok,62.34122152554512,False,,,,,,,,,4.334683195550849e-08,-0.1699746895421521,-17.393541921553375,-30.34843792655436,0.13499662280082703,0.030379323856498892,0,528000,44100,601965,512,2898,0,0,0,0
music_44100,sinc,1,ok,62.34122152554512,False,,,,,,,,,4.334683195550849e-08,-0.1699746895421521,-17.393541921553375,-30.34843792655436,0.13499662280082703,0.030379323856498892,0,528000,44100,601965,512,2898,0,0,0,0
music_44100,system,2,ok,55.07004184319145,False,,,,,,,,,7.691977990930854e-06,8.252283430098234e-05,-17.34231219895815,-30.348559069254755,0.13579519093036652,0.03037890015693358,0,528000,,,,,,,0,0
music_44100,r8brain,2,ok,62.34122152554512,False,,,,,,,,,4.334683195550849e-08,-0.1699746895421521,-17.393541921553375,-30.34843792655436,0.13499662280082703,0.030379323856498892,0,528000,44100,601965,512,2898,0,0,0,0
music_44100,sinc,2,ok,62.34122152554512,False,,,,,,,,,4.334683195550849e-08,-0.1699746895421521,-17.393541921553375,-30.34843792655436,0.13499662280082703,0.030379323856498892,0,528000,44100,601965,512,2898,0,0,0,0
music_44100,system,3,ok,55.07004184319145,False,,,,,,,,,7.691977990930854e-06,8.252283430098234e-05,-17.34231219895815,-30.348559069254755,0.13579519093036652,0.03037890015693358,0,528000,,,,,,,0,0
music_44100,r8brain,3,ok,62.34122152554512,False,,,,,,,,,4.334683195550849e-08,-0.1699746895421521,-17.393541921553375,-30.34843792655436,0.13499662280082703,0.030379323856498892,0,528000,44100,601965,512,2898,0,0,0,0
music_44100,sinc,3,ok,62.34122152554512,False,,,,,,,,,4.334683195550849e-08,-0.1699746895421521,-17.393541921553375,-30.34843792655436,0.13499662280082703,0.030379323856498892,0,528000,44100,601965,512,2898,0,0,0,0
music_48000,system,1,ok,188.6778765847528,True,,,,,,,,,0.0,1.2897982650407803e-09,-17.34784685470042,-30.348395160627565,0.13570868968963623,0.030379473432787872,0,528000,,,,,,,0,0
music_48000,r8brain,1,ok,61.25414523417991,False,,,,,,,,,6.583135740325945e-09,-0.16998304118852717,-17.39398871685989,-30.34840907862874,0.1349896788597107,0.03037942475369732,0,528000,44100,601965,512,2898,0,0,0,0
music_48000,sinc,1,ok,62.11635075739465,False,,,,,,,,,6.583135740325945e-09,-0.16997703162997593,-17.39345563326229,-30.348408461682965,0.13499796390533447,0.030379426911502597,0,528000,44100,601965,512,2898,0,0,0,0
music_48000,system,2,ok,188.6778765847528,True,,,,,,,,,0.0,1.2897982650407803e-09,-17.34784685470042,-30.348395160627565,0.13570868968963623,0.030379473432787872,0,528000,,,,,,,0,0
music_48000,r8brain,2,ok,61.25414523417991,False,,,,,,,,,6.583135740325945e-09,-0.16998304118852717,-17.39398871685989,-30.34840907862874,0.1349896788597107,0.03037942475369732,0,528000,44100,601965,512,2898,0,0,0,0
music_48000,sinc,2,ok,62.11635075739465,False,,,,,,,,,6.583135740325945e-09,-0.16997703162997593,-17.39345563326229,-30.348408461682965,0.13499796390533447,0.030379426911502597,0,528000,44100,601965,512,2898,0,0,0,0
music_48000,system,3,ok,188.6778765847528,True,,,,,,,,,0.0,1.2897982650407803e-09,-17.34784685470042,-30.348395160627565,0.13570868968963623,0.030379473432787872,0,528000,,,,,,,0,0
music_48000,r8brain,3,ok,61.25414523417991,False,,,,,,,,,6.583135740325945e-09,-0.16998304118852717,-17.39398871685989,-30.34840907862874,0.1349896788597107,0.03037942475369732,0,528000,44100,601965,512,2898,0,0,0,0
music_48000,sinc,3,ok,62.11635075739465,False,,,,,,,,,6.583135740325945e-09,-0.16997703162997593,-17.39345563326229,-30.348408461682965,0.13499796390533447,0.030379426911502597,0,528000,44100,601965,512,2898,0,0,0,0
music_96000,system,1,ok,86.1492799236381,False,,,,,,,,,2.4885070928349087e-05,1.9198408140408057e-06,-17.34797084086179,-30.348388254045563,0.13570675253868103,0.03037949758902478,0,528000,,,,,,,0,0
music_96000,r8brain,1,ok,61.25414193265112,False,,,,,,,,,3.2903169395886654e-08,-0.16998304181302448,-17.393989675672817,-30.348409072925087,0.1349896639585495,0.030379424773646198,0,528000,44100,601965,512,2898,0,0,0,0
music_96000,sinc,1,ok,62.11634381489389,False,,,,,,,,,3.2903169395886654e-08,-0.1699770322695413,-17.39345563326229,-30.348408455715287,0.13499796390533447,0.030379426932374904,0,528000,44100,601965,512,2898,0,0,0,0
music_96000,system,2,ok,86.1492799236381,False,,,,,,,,,2.4885070928349087e-05,1.9198408140408057e-06,-17.34797084086179,-30.348388254045563,0.13570675253868103,0.03037949758902478,0,528000,,,,,,,0,0
music_96000,r8brain,2,ok,61.25414193265112,False,,,,,,,,,3.2903169395886654e-08,-0.16998304181302448,-17.393989675672817,-30.348409072925087,0.1349896639585495,0.030379424773646198,0,528000,44100,601965,512,2898,0,0,0,0
music_96000,sinc,2,ok,62.11634381489389,False,,,,,,,,,3.2903169395886654e-08,-0.1699770322695413,-17.39345563326229,-30.348408455715287,0.13499796390533447,0.030379426932374904,0,528000,44100,601965,512,2898,0,0,0,0
music_96000,system,3,ok,86.1492799236381,False,,,,,,,,,2.4885070928349087e-05,1.9198408140408057e-06,-17.34797084086179,-30.348388254045563,0.13570675253868103,0.03037949758902478,0,528000,,,,,,,0,0
music_96000,r8brain,3,ok,61.25414193265112,False,,,,,,,,,3.2903169395886654e-08,-0.16998304181302448,-17.393989675672817,-30.348409072925087,0.1349896639585495,0.030379424773646198,0,528000,44100,601965,512,2898,0,0,0,0
music_96000,sinc,3,ok,62.11634381489389,False,,,,,,,,,3.2903169395886654e-08,-0.1699770322695413,-17.39345563326229,-30.348408455715287,0.13499796390533447,0.030379426932374904,0,528000,44100,601965,512,2898,0,0,0,0
tone_44100,system,1,ok,119.29355155411679,False,-118.82660408013336,,,-150.43844365193996,-157.53758191439545,,,,7.696362006789866e-06,-2.6466530356206164e-08,-17.99997267795788,-21.010292035391785,0.12589293718338013,0.0890195507516618,0,144000,,,,,,,0,0
tone_44100,r8brain,1,ok,112.16611340564911,False,-111.98644451740671,,,-150.05213206225045,-160.87224023355452,,,,-1.823330317661406e-08,-0.17002802073452133,-18.002147370131322,-21.010299751893022,0.12586142122745514,0.08901947166716995,0,144000,44100,249165,512,2898,0,0,0,0
tone_44100,sinc,1,ok,112.16611340564911,False,-111.98644451740671,,,-150.05213206225045,-160.87224023355452,,,,-1.823330317661406e-08,-0.17002802073452133,-18.002147370131322,-21.010299751893022,0.12586142122745514,0.08901947166716995,0,144000,44100,249165,512,2898,0,0,0,0
tone_44100,system,2,ok,119.29355155411679,False,-118.82660408013336,,,-150.43844365193996,-157.53758191439545,,,,7.696362006789866e-06,-2.6466530356206164e-08,-17.99997267795788,-21.010292035391785,0.12589293718338013,0.0890195507516618,0,144000,,,,,,,0,0
tone_44100,r8brain,2,ok,112.16611340564911,False,-111.98644451740671,,,-150.05213206225045,-160.87224023355452,,,,-1.823330317661406e-08,-0.17002802073452133,-18.002147370131322,-21.010299751893022,0.12586142122745514,0.08901947166716995,0,144000,44100,249165,512,2898,0,0,0,0
tone_44100,sinc,2,ok,112.16611340564911,False,-111.98644451740671,,,-150.05213206225045,-160.87224023355452,,,,-1.823330317661406e-08,-0.17002802073452133,-18.002147370131322,-21.010299751893022,0.12586142122745514,0.08901947166716995,0,144000,44100,249165,512,2898,0,0,0,0
tone_44100,system,3,ok,119.29355155411679,False,-118.82660408013336,,,-150.43844365193996,-157.53758191439545,,,,7.696362006789866e-06,-2.6466530356206164e-08,-17.99997267795788,-21.010292035391785,0.12589293718338013,0.0890195507516618,0,144000,,,,,,,0,0
tone_44100,r8brain,3,ok,112.16611340564911,False,-111.98644451740671,,,-150.05213206225045,-160.87224023355452,,,,-1.823330317661406e-08,-0.17002802073452133,-18.002147370131322,-21.010299751893022,0.12586142122745514,0.08901947166716995,0,144000,44100,249165,512,2898,0,0,0,0
tone_44100,sinc,3,ok,112.16611340564911,False,-111.98644451740671,,,-150.05213206225045,-160.87224023355452,,,,-1.823330317661406e-08,-0.17002802073452133,-18.002147370131322,-21.010299751893022,0.12586142122745514,0.08901947166716995,0,144000,44100,249165,512,2898,0,0,0,0
tone_48000,system,1,ok,307.522675637367,True,-127.30183839835382,,,-148.54378104880738,-367.1725739042387,,,,0.0,2.220446049250313e-16,-18.00000146465276,-21.010299921428622,0.1258925199508667,0.08901946992964277,0,144000,,,,,,,0,0
tone_48000,r8brain,1,ok,112.16084717813943,False,-112.06081760604853,,,-149.5182021343326,-162.62585032652584,,,,6.583135740325945e-09,-0.17002856146114798,-18.00215251189274,-21.010299914819267,0.12586134672164917,0.08901946999738032,0,144000,44100,249165,512,2898,0,0,0,0
tone_48000,sinc,1,ok,112.16084717813943,False,-112.06081760604853,,,-149.5182021343326,-162.62585032652584,,,,6.583135740325945e-09,-0.17002856146114798,-18.00215251189274,-21.010299914819267,0.12586134672164917,0.08901946999738032,0,144000,44100,249165,512,2898,0,0,0,0
tone_48000,system,2,ok,307.522675637367,True,-127.30183839835382,,,-148.54378104880738,-367.1725739042387,,,,0.0,2.220446049250313e-16,-18.00000146465276,-21.010299921428622,0.1258925199508667,0.08901946992964277,0,144000,,,,,,,0,0
tone_48000,r8brain,2,ok,112.16084717813943,False,-112.06081760604853,,,-149.5182021343326,-162.62585032652584,,,,6.583135740325945e-09,-0.17002856146114798,-18.00215251189274,-21.010299914819267,0.12586134672164917,0.08901946999738032,0,144000,44100,249165,512,2898,0,0,0,0
tone_48000,sinc,2,ok,112.16084717813943,False,-112.06081760604853,,,-149.5182021343326,-162.62585032652584,,,,6.583135740325945e-09,-0.17002856146114798,-18.00215251189274,-21.010299914819267,0.12586134672164917,0.08901946999738032,0,144000,44100,249165,512,2898,0,0,0,0
tone_48000,system,3,ok,307.522675637367,True,-127.30183839835382,,,-148.54378104880738,-367.1725739042387,,,,0.0,2.220446049250313e-16,-18.00000146465276,-21.010299921428622,0.1258925199508667,0.08901946992964277,0,144000,,,,,,,0,0
tone_48000,r8brain,3,ok,112.16084717813943,False,-112.06081760604853,,,-149.5182021343326,-162.62585032652584,,,,6.583135740325945e-09,-0.17002856146114798,-18.00215251189274,-21.010299914819267,0.12586134672164917,0.08901946999738032,0,144000,44100,249165,512,2898,0,0,0,0
tone_48000,sinc,3,ok,112.16084717813943,False,-112.06081760604853,,,-149.5182021343326,-162.62585032652584,,,,6.583135740325945e-09,-0.17002856146114798,-18.00215251189274,-21.010299914819267,0.12586134672164917,0.08901946999738032,0,144000,44100,249165,512,2898,0,0,0,0
tone_96000,system,1,ok,140.68193440782804,False,-131.48620229226748,,,-147.0062663108999,-266.9235517468922,,,,2.4885070936063687e-05,6.636958449490749e-08,-17.99997473414721,-21.01027587430455,0.12589290738105774,0.08901971638283183,0,144000,,,,,,,0,0
tone_96000,r8brain,1,ok,112.1618052122188,False,-112.14489802313992,,,-145.06216119395856,-173.58446417671456,,,,3.2903177110506354e-08,-0.17002871052294619,-18.00215148354021,-21.010300726584976,0.12586136162281036,0.0890194616778008,0,144000,44100,249165,512,2898,0,0,0,0
tone_96000,sinc,1,ok,112.1618052122188,False,-112.14489802313992,,,-145.06216119395856,-173.58446417671456,,,,3.2903177110506354e-08,-0.17002871052294619,-18.00215148354021,-21.010300726584976,0.12586136162281036,0.0890194616778008,0,144000,44100,249165,512,2898,0,0,0,0
tone_96000,system,2,ok,140.68193440782804,False,-131.48620229226748,,,-147.0062663108999,-266.9235517468922,,,,2.4885070936063687e-05,6.636958449490749e-08,-17.99997473414721,-21.01027587430455,0.12589290738105774,0.08901971638283183,0,144000,,,,,,,0,0
tone_96000,r8brain,2,ok,112.1618052122188,False,-112.14489802313992,,,-145.06216119395856,-173.58446417671456,,,,3.2903177110506354e-08,-0.17002871052294619,-18.00215148354021,-21.010300726584976,0.12586136162281036,0.0890194616778008,0,144000,44100,249165,512,2898,0,0,0,0
tone_96000,sinc,2,ok,112.1618052122188,False,-112.14489802313992,,,-145.06216119395856,-173.58446417671456,,,,3.2903177110506354e-08,-0.17002871052294619,-18.00215148354021,-21.010300726584976,0.12586136162281036,0.0890194616778008,0,144000,44100,249165,512,2898,0,0,0,0
tone_96000,system,3,ok,140.68193440782804,False,-131.48620229226748,,,-147.0062663108999,-266.9235517468922,,,,2.4885070936063687e-05,6.636958449490749e-08,-17.99997473414721,-21.01027587430455,0.12589290738105774,0.08901971638283183,0,144000,,,,,,,0,0
tone_96000,r8brain,3,ok,112.1618052122188,False,-112.14489802313992,,,-145.06216119395856,-173.58446417671456,,,,3.2903177110506354e-08,-0.17002871052294619,-18.00215148354021,-21.010300726584976,0.12586136162281036,0.0890194616778008,0,144000,44100,249165,512,2898,0,0,0,0
tone_96000,sinc,3,ok,112.1618052122188,False,-112.14489802313992,,,-145.06216119395856,-173.58446417671456,,,,3.2903177110506354e-08,-0.17002871052294619,-18.00215148354021,-21.010300726584976,0.12586136162281036,0.0890194616778008,0,144000,44100,249165,512,2898,0,0,0,0
multitone_44100,system,1,ok,45.7498163933534,False,,0.2571256665220424,-0.2571256665220424,,,,,,7.696362006789866e-06,4.921450580397391e-09,-18.117944718437688,-30.728034080446804,0.12419461458921432,0.029080260726177067,0,144000,,,,,,,0,0
multitone_44100,r8brain,1,ok,73.35002438266815,False,,0.007389213878793026,0.007389213878793026,,,,,,-1.823330317661406e-08,-0.17002817839158177,-18.45830697168124,-30.719733219694252,0.11942208558320999,0.029108065198389415,0,144000,44100,249165,512,2898,0,0,0,0
multitone_44100,sinc,1,ok,73.35002438266815,False,,0.007389213878793026,0.007389213878793026,,,,,,-1.823330317661406e-08,-0.17002817839158177,-18.45830697168124,-30.719733219694252,0.11942208558320999,0.029108065198389415,0,144000,44100,249165,512,2898,0,0,0,0
multitone_44100,system,2,ok,45.7498163933534,False,,0.2571256665220424,-0.2571256665220424,,,,,,7.696362006789866e-06,4.921450580397391e-09,-18.117944718437688,-30.728034080446804,0.12419461458921432,0.029080260726177067,0,144000,,,,,,,0,0
multitone_44100,r8brain,2,ok,73.35002438266815,False,,0.007389213878793026,0.007389213878793026,,,,,,-1.823330317661406e-08,-0.17002817839158177,-18.45830697168124,-30.719733219694252,0.11942208558320999,0.029108065198389415,0,144000,44100,249165,512,2898,0,0,0,0
multitone_44100,sinc,2,ok,73.35002438266815,False,,0.007389213878793026,0.007389213878793026,,,,,,-1.823330317661406e-08,-0.17002817839158177,-18.45830697168124,-30.719733219694252,0.11942208558320999,0.029108065198389415,0,144000,44100,249165,512,2898,0,0,0,0
multitone_44100,system,3,ok,45.7498163933534,False,,0.2571256665220424,-0.2571256665220424,,,,,,7.696362006789866e-06,4.921450580397391e-09,-18.117944718437688,-30.728034080446804,0.12419461458921432,0.029080260726177067,0,144000,,,,,,,0,0
multitone_44100,r8brain,3,ok,73.35002438266815,False,,0.007389213878793026,0.007389213878793026,,,,,,-1.823330317661406e-08,-0.17002817839158177,-18.45830697168124,-30.719733219694252,0.11942208558320999,0.029108065198389415,0,144000,44100,249165,512,2898,0,0,0,0
multitone_44100,sinc,3,ok,73.35002438266815,False,,0.007389213878793026,0.007389213878793026,,,,,,-1.823330317661406e-08,-0.17002817839158177,-18.45830697168124,-30.719733219694252,0.11942208558320999,0.029108065198389415,0,144000,44100,249165,512,2898,0,0,0,0
multitone_48000,system,1,ok,190.3578325376069,True,,5.785964799319721e-15,1.928654933106574e-15,,,,,,0.0,-3.581477892034002e-10,-18.00000146465276,-30.617018104403012,0.1258925199508667,0.029454326373388334,0,144000,,,,,,,0,0
multitone_48000,r8brain,1,ok,73.35024645769718,False,,0.0073891890217249005,0.0073891890217249005,,,,,,6.583135740325945e-09,-0.17002819072341863,-18.355353630855227,-30.616780801485895,0.12084601074457169,0.029455131091539476,0,144000,44100,249165,512,2898,0,0,0,0
multitone_48000,sinc,1,ok,73.35023543075951,False,,0.007389193469150034,0.007389193469150034,,,,,,6.583135740325945e-09,-0.1700281908751083,-18.355353630855227,-30.61678079874113,0.12084601074457169,0.0294551311008474,0,144000,44100,249165,512,2898,0,0,0,0
multitone_48000,system,2,ok,190.3578325376069,True,,5.785964799319721e-15,1.928654933106574e-15,,,,,,0.0,-3.581477892034002e-10,-18.00000146465276,-30.617018104403012,0.1258925199508667,0.029454326373388334,0,144000,,,,,,,0,0
multitone_48000,r8brain,2,ok,73.35024645769718,False,,0.0073891890217249005,0.0073891890217249005,,,,,,6.583135740325945e-09,-0.17002819072341863,-18.355353630855227,-30.616780801485895,0.12084601074457169,0.029455131091539476,0,144000,44100,249165,512,2898,0,0,0,0
multitone_48000,sinc,2,ok,73.35023543075951,False,,0.007389193469150034,0.007389193469150034,,,,,,6.583135740325945e-09,-0.1700281908751083,-18.355353630855227,-30.61678079874113,0.12084601074457169,0.0294551311008474,0,144000,44100,249165,512,2898,0,0,0,0
multitone_48000,system,3,ok,190.3578325376069,True,,5.785964799319721e-15,1.928654933106574e-15,,,,,,0.0,-3.581477892034002e-10,-18.00000146465276,-30.617018104403012,0.1258925199508667,0.029454326373388334,0,144000,,,,,,,0,0
multitone_48000,r8brain,3,ok,73.35024645769718,False,,0.0073891890217249005,0.0073891890217249005,,,,,,6.583135740325945e-09,-0.17002819072341863,-18.355353630855227,-30.616780801485895,0.12084601074457169,0.029455131091539476,0,144000,44100,249165,512,2898,0,0,0,0
multitone_48000,sinc,3,ok,73.35023543075951,False,,0.007389193469150034,0.007389193469150034,,,,,,6.583135740325945e-09,-0.1700281908751083,-18.355353630855227,-30.61678079874113,0.12084601074457169,0.0294551311008474,0,144000,44100,249165,512,2898,0,0,0,0
multitone_96000,system,1,ok,115.21644629332437,False,,6.680698306071971e-05,-1.8369146012310854e-05,,,,,,2.488507092063449e-05,2.7509136080183794e-09,-17.99998912748613,-30.617007661492643,0.12589269876480103,0.029454361785889307,0,144000,,,,,,,0,0
multitone_96000,r8brain,1,ok,73.34999717152527,False,,0.0073891846843959046,0.0073891846843959046,,,,,,3.290316168126695e-08,-0.17002818726930954,-18.355352559824144,-30.616780768470996,0.12084602564573288,0.02945513120349788,0,144000,44100,249165,512,2898,0,0,0,0
multitone_96000,sinc,1,ok,73.34999999150645,False,,0.007389172880830319,0.007389172880830319,,,,,,3.290316168126695e-08,-0.1700281862202302,-18.355352559824144,-30.616780774557064,0.12084602564573288,0.02945513118285912,0,144000,44100,249165,512,2898,0,0,0,0
multitone_96000,system,2,ok,115.21644629332437,False,,6.680698306071971e-05,-1.8369146012310854e-05,,,,,,2.488507092063449e-05,2.7509136080183794e-09,-17.99998912748613,-30.617007661492643,0.12589269876480103,0.029454361785889307,0,144000,,,,,,,0,0
multitone_96000,r8brain,2,ok,73.34999717152527,False,,0.0073891846843959046,0.0073891846843959046,,,,,,3.290316168126695e-08,-0.17002818726930954,-18.355352559824144,-30.616780768470996,0.12084602564573288,0.02945513120349788,0,144000,44100,249165,512,2898,0,0,0,0
multitone_96000,sinc,2,ok,73.34999999150645,False,,0.007389172880830319,0.007389172880830319,,,,,,3.290316168126695e-08,-0.1700281862202302,-18.355352559824144,-30.616780774557064,0.12084602564573288,0.02945513118285912,0,144000,44100,249165,512,2898,0,0,0,0
multitone_96000,system,3,ok,115.21644629332437,False,,6.680698306071971e-05,-1.8369146012310854e-05,,,,,,2.488507092063449e-05,2.7509136080183794e-09,-17.99998912748613,-30.617007661492643,0.12589269876480103,0.029454361785889307,0,144000,,,,,,,0,0
multitone_96000,r8brain,3,ok,73.34999717152527,False,,0.0073891846843959046,0.0073891846843959046,,,,,,3.290316168126695e-08,-0.17002818726930954,-18.355352559824144,-30.616780768470996,0.12084602564573288,0.02945513120349788,0,144000,44100,249165,512,2898,0,0,0,0
multitone_96000,sinc,3,ok,73.34999999150645,False,,0.007389172880830319,0.007389172880830319,,,,,,3.290316168126695e-08,-0.1700281862202302,-18.355352559824144,-30.616780774557064,0.12084602564573288,0.02945513118285912,0,144000,44100,249165,512,2898,0,0,0,0
lowlevel_96000,system,1,ok,70.43381955748606,False,-60.11771026867751,,,-67.45488410215378,-264.98486701785555,,,,2.4885070936063687e-05,-1.5916328166554194e-07,-89.99721318114055,-93.01123748560639,3.1632924219593406e-05,2.2358266360306805e-05,0,144000,,,,,,,0,0
lowlevel_96000,r8brain,1,ok,61.566515795509844,False,-61.16196720260242,,,-67.45529156582766,-166.14706966596972,,,,3.2903177110506354e-08,-0.17293115157554317,-90.0025041275436,-93.01126315542545,3.1613661121809855e-05,2.2358200283965965e-05,0,144000,44100,249165,512,2898,0,0,0,0
lowlevel_96000,sinc,1,ok,61.566515795509844,False,-61.16196720260242,,,-67.45529156582766,-166.14706966596972,,,,3.2903177110506354e-08,-0.17293115157554317,-90.0025041275436,-93.01126315542545,3.1613661121809855e-05,2.2358200283965965e-05,0,144000,44100,249165,512,2898,0,0,0,0
lowlevel_96000,system,2,ok,70.43381955748606,False,-60.11771026867751,,,-67.45488410215378,-264.98486701785555,,,,2.4885070936063687e-05,-1.5916328166554194e-07,-89.99721318114055,-93.01123748560639,3.1632924219593406e-05,2.2358266360306805e-05,0,144000,,,,,,,0,0
lowlevel_96000,r8brain,2,ok,61.566515795509844,False,-61.16196720260242,,,-67.45529156582766,-166.14706966596972,,,,3.2903177110506354e-08,-0.17293115157554317,-90.0025041275436,-93.01126315542545,3.1613661121809855e-05,2.2358200283965965e-05,0,144000,44100,249165,512,2898,0,0,0,0
lowlevel_96000,sinc,2,ok,61.566515795509844,False,-61.16196720260242,,,-67.45529156582766,-166.14706966596972,,,,3.2903177110506354e-08,-0.17293115157554317,-90.0025041275436,-93.01126315542545,3.1613661121809855e-05,2.2358200283965965e-05,0,144000,44100,249165,512,2898,0,0,0,0
lowlevel_96000,system,3,ok,70.43381955748606,False,-60.11771026867751,,,-67.45488410215378,-264.98486701785555,,,,2.4885070936063687e-05,-1.5916328166554194e-07,-89.99721318114055,-93.01123748560639,3.1632924219593406e-05,2.2358266360306805e-05,0,144000,,,,,,,0,0
lowlevel_96000,r8brain,3,ok,61.566515795509844,False,-61.16196720260242,,,-67.45529156582766,-166.14706966596972,,,,3.2903177110506354e-08,-0.17293115157554317,-90.0025041275436,-93.01126315542545,3.1613661121809855e-05,2.2358200283965965e-05,0,144000,44100,249165,512,2898,0,0,0,0
lowlevel_96000,sinc,3,ok,61.566515795509844,False,-61.16196720260242,,,-67.45529156582766,-166.14706966596972,,,,3.2903177110506354e-08,-0.17293115157554317,-90.0025041275436,-93.01126315542545,3.1613661121809855e-05,2.2358200283965965e-05,0,144000,44100,249165,512,2898,0,0,0,0
ultrasonic_96000,system,1,ok,111.77617425490659,False,-112.24373048095816,,,-112.31583937114223,-277.15474693064203,,,,2.4885070947635584e-05,1.9330070494261165e-07,-23.99999294765555,-27.010274347776697,0.06309578567743301,0.044615553233290056,0,144000,,,,,,,0,0
ultrasonic_96000,r8brain,1,ok,112.17165309178455,False,-112.08780240158752,,,-135.90518004318852,-164.44716950403406,,,,3.290318868243591e-08,-0.17002808725390067,-24.002147103993053,-27.010299214168093,0.06308013945817947,0.04461542550587613,0,144000,44100,249165,512,2898,0,0,0,0
ultrasonic_96000,sinc,1,ok,112.17165309178455,False,-112.08780240158752,,,-135.90518004318852,-164.44716950403406,,,,3.290318868243591e-08,-0.17002808725390067,-24.002147103993053,-27.010299214168093,0.06308013945817947,0.04461542550587613,0,144000,44100,249165,512,2898,0,0,0,0
ultrasonic_96000,system,2,ok,111.77617425490659,False,-112.24373048095816,,,-112.31583937114223,-277.15474693064203,,,,2.4885070947635584e-05,1.9330070494261165e-07,-23.99999294765555,-27.010274347776697,0.06309578567743301,0.044615553233290056,0,144000,,,,,,,0,0
ultrasonic_96000,r8brain,2,ok,112.17165309178455,False,-112.08780240158752,,,-135.90518004318852,-164.44716950403406,,,,3.290318868243591e-08,-0.17002808725390067,-24.002147103993053,-27.010299214168093,0.06308013945817947,0.04461542550587613,0,144000,44100,249165,512,2898,0,0,0,0
ultrasonic_96000,sinc,2,ok,112.17165309178455,False,-112.08780240158752,,,-135.90518004318852,-164.44716950403406,,,,3.290318868243591e-08,-0.17002808725390067,-24.002147103993053,-27.010299214168093,0.06308013945817947,0.04461542550587613,0,144000,44100,249165,512,2898,0,0,0,0
ultrasonic_96000,system,3,ok,111.77617425490659,False,-112.24373048095816,,,-112.31583937114223,-277.15474693064203,,,,2.4885070947635584e-05,1.9330070494261165e-07,-23.99999294765555,-27.010274347776697,0.06309578567743301,0.044615553233290056,0,144000,,,,,,,0,0
ultrasonic_96000,r8brain,3,ok,112.17165309178455,False,-112.08780240158752,,,-135.90518004318852,-164.44716950403406,,,,3.290318868243591e-08,-0.17002808725390067,-24.002147103993053,-27.010299214168093,0.06308013945817947,0.04461542550587613,0,144000,44100,249165,512,2898,0,0,0,0
ultrasonic_96000,sinc,3,ok,112.17165309178455,False,-112.08780240158752,,,-135.90518004318852,-164.44716950403406,,,,3.290318868243591e-08,-0.17002808725390067,-24.002147103993053,-27.010299214168093,0.06308013945817947,0.04461542550587613,0,144000,44100,249165,512,2898,0,0,0,0
stereo_48000,system,1,ok,307.1731152877972,True,,,,,,-365.9432547482579,,,0.0,7.216449660063518e-16,-18.00000146465276,-21.01030010127531,0.1258925199508667,0.08901946808643989,0,144000,,,,,,,0,0
stereo_48000,r8brain,1,ok,109.28933392731012,False,,,,,,-161.20488833197854,,,6.583135740325945e-09,-0.17002827408058602,-18.000010717539237,-21.010300115997605,0.12589238584041595,0.08901946793555485,0,144000,44100,249165,512,2898,0,0,0,0
stereo_48000,sinc,1,ok,109.28933392731012,False,,,,,,-161.20488833197854,,,6.583135740325945e-09,-0.17002827408058602,-18.000010717539237,-21.010300115997605,0.12589238584041595,0.08901946793555485,0,144000,44100,249165,512,2898,0,0,0,0
stereo_48000,system,2,ok,307.1731152877972,True,,,,,,-365.9432547482579,,,0.0,7.216449660063518e-16,-18.00000146465276,-21.01030010127531,0.1258925199508667,0.08901946808643989,0,144000,,,,,,,0,0
stereo_48000,r8brain,2,ok,109.28933392731012,False,,,,,,-161.20488833197854,,,6.583135740325945e-09,-0.17002827408058602,-18.000010717539237,-21.010300115997605,0.12589238584041595,0.08901946793555485,0,144000,44100,249165,512,2898,0,0,0,0
stereo_48000,sinc,2,ok,109.28933392731012,False,,,,,,-161.20488833197854,,,6.583135740325945e-09,-0.17002827408058602,-18.000010717539237,-21.010300115997605,0.12589238584041595,0.08901946793555485,0,144000,44100,249165,512,2898,0,0,0,0
stereo_48000,system,3,ok,307.1731152877972,True,,,,,,-365.9432547482579,,,0.0,7.216449660063518e-16,-18.00000146465276,-21.01030010127531,0.1258925199508667,0.08901946808643989,0,144000,,,,,,,0,0
stereo_48000,r8brain,3,ok,109.28933392731012,False,,,,,,-161.20488833197854,,,6.583135740325945e-09,-0.17002827408058602,-18.000010717539237,-21.010300115997605,0.12589238584041595,0.08901946793555485,0,144000,44100,249165,512,2898,0,0,0,0
stereo_48000,sinc,3,ok,109.28933392731012,False,,,,,,-161.20488833197854,,,6.583135740325945e-09,-0.17002827408058602,-18.000010717539237,-21.010300115997605,0.12589238584041595,0.08901946793555485,0,144000,44100,249165,512,2898,0,0,0,0
silence_48000,system,1,ok,,True,,,,,,,0,,0.0,0.0,,,0.0,0.0,0,144000,,,,,,,0,0
silence_48000,r8brain,1,ok,,True,,,,,,,0,,6.583135740325945e-09,0.0,,,0.0,0.0,0,144000,44100,249165,512,2898,0,0,0,0
silence_48000,sinc,1,ok,,False,,,,,,,12754,-346.4343005732323,6.583135740325945e-09,0.0,-321.43372523529644,-346.4343005732323,8.47839679962111e-17,4.7674370947458126e-18,0,144000,44100,249165,512,2898,0,0,0,0
silence_48000,system,2,ok,,True,,,,,,,0,,0.0,0.0,,,0.0,0.0,0,144000,,,,,,,0,0
silence_48000,r8brain,2,ok,,True,,,,,,,0,,6.583135740325945e-09,0.0,,,0.0,0.0,0,144000,44100,249165,512,2898,0,0,0,0
silence_48000,sinc,2,ok,,False,,,,,,,12754,-346.4343005732323,6.583135740325945e-09,0.0,-321.43372523529644,-346.4343005732323,8.47839679962111e-17,4.7674370947458126e-18,0,144000,44100,249165,512,2898,0,0,0,0
silence_48000,system,3,ok,,True,,,,,,,0,,0.0,0.0,,,0.0,0.0,0,144000,,,,,,,0,0
silence_48000,r8brain,3,ok,,True,,,,,,,0,,6.583135740325945e-09,0.0,,,0.0,0.0,0,144000,44100,249165,512,2898,0,0,0,0
silence_48000,sinc,3,ok,,False,,,,,,,12754,-346.4343005732323,6.583135740325945e-09,0.0,-321.43372523529644,-346.4343005732323,8.47839679962111e-17,4.7674370947458126e-18,0,144000,44100,249165,512,2898,0,0,0,0
